[{"pk": 1, "model": "loans.customer", "fields": {"creditRating": 100, "customerType": "Personal", "name": "Anuj Jain", "accountNumber": 1}}, {"pk": 2, "model": "loans.customer", "fields": {"creditRating": 115, "customerType": "Personal", "name": "Divya Sharma", "accountNumber": 2}}, {"pk": 3, "model": "loans.customer", "fields": {"creditRating": 120, "customerType": "Personal", "name": "Ishan Chhabra", "accountNumber": 3}}, {"pk": 4, "model": "loans.customer", "fields": {"creditRating": 150, "customerType": "Personal", "name": "Rohit Agarwal", "accountNumber": 4}}, {"pk": 5, "model": "loans.customer", "fields": {"creditRating": 130, "customerType": "Personal", "name": "Shikhar Srivastav", "accountNumber": 5}}, {"pk": 1, "model": "loans.loan", "fields": {"customer": 1, "originalMonths": 24, "loanType": "Personal - Education", "dateTaken": "2011-11-24 00:10:05", "interestCategory": "Fixed", "security": "None", "principal": "1000000", "isActive": false, "name": "MIT Grad Loan"}}, {"pk": 2, "model": "loans.loan", "fields": {"customer": 1, "originalMonths": 60, "loanType": "Personal - Car", "dateTaken": "2011-11-24 03:43:57", "interestCategory": "Floating", "security": "None", "principal": "2000000", "isActive": true, "name": "Audi Loan"}}, {"pk": 2, "model": "loans.activeloan", "fields": {"prepaymentPenaltyRate": "1", "monthlyInstallment": "44488.9", "outstandingLoanBalance": "1975511.1", "loan": 2, "interestRate": "12", "elapsedMonths": 1, "nextInstallmentDueDate": "2012-01-23 03:44:47", "expectedDateOfTermination": "2016-11-24 03:44:22"}}, {"pk": 1, "model": "loans.completedloan", "fields": {"loan": 1, "totalAmountPaid": "1043273.29", "dateOfCompletion": "2011-11-24 07:47:20", "averageInterestRate": "12"}}, {"pk": 1, "model": "loans.payment", "fields": {"paymentType": "installment", "amount": "47073.47", "merchantUsed": "none", "loan": 1, "datePaid": "2011-11-24 00:18:00"}}, {"pk": 2, "model": "loans.payment", "fields": {"paymentType": "installment", "amount": "47073.47", "merchantUsed": "none", "loan": 1, "datePaid": "2011-11-24 00:18:19"}}, {"pk": 3, "model": "loans.payment", "fields": {"paymentType": "prepayment", "amount": "25000", "merchantUsed": "none", "loan": 1, "datePaid": "2011-11-24 03:29:32"}}, {"pk": 4, "model": "loans.payment", "fields": {"paymentType": "installment", "amount": "45801.88", "merchantUsed": "none", "loan": 1, "datePaid": "2011-11-24 03:30:52"}}, {"pk": 5, "model": "loans.payment", "fields": {"paymentType": "installment", "amount": "44488.9", "merchantUsed": "none", "loan": 2, "datePaid": "2011-11-24 07:32:56"}}, {"pk": 6, "model": "loans.payment", "fields": {"paymentType": "prepayment", "amount": "500000", "merchantUsed": "none", "loan": 1, "datePaid": "2011-11-24 07:43:23"}}, {"pk": 7, "model": "loans.payment", "fields": {"paymentType": "prepayment", "amount": "20000", "merchantUsed": "none", "loan": 1, "datePaid": "2011-11-24 07:44:08"}}, {"pk": 8, "model": "loans.payment", "fields": {"paymentType": "installment", "amount": "18225.89", "merchantUsed": "none", "loan": 1, "datePaid": "2011-11-24 07:44:48"}}, {"pk": 9, "model": "loans.payment", "fields": {"paymentType": "installment", "amount": "18225.89", "merchantUsed": "none", "loan": 1, "datePaid": "2011-11-24 07:44:55"}}, {"pk": 10, "model": "loans.payment", "fields": {"paymentType": "installment", "amount": "18225.89", "merchantUsed": "none", "loan": 1, "datePaid": "2011-11-24 07:44:59"}}, {"pk": 11, "model": "loans.payment", "fields": {"paymentType": "prepayment", "amount": "250000", "merchantUsed": "none", "loan": 1, "datePaid": "2011-11-24 07:45:21"}}, {"pk": 12, "model": "loans.payment", "fields": {"paymentType": "installment", "amount": "2980.38", "merchantUsed": "none", "loan": 1, "datePaid": "2011-11-24 07:45:41"}}, {"pk": 13, "model": "loans.payment", "fields": {"paymentType": "installment", "amount": "2980.38", "merchantUsed": "none", "loan": 1, "datePaid": "2011-11-24 07:46:07"}}, {"pk": 14, "model": "loans.payment", "fields": {"paymentType": "installment", "amount": "2980.38", "merchantUsed": "none", "loan": 1, "datePaid": "2011-11-24 07:46:13"}}, {"pk": 15, "model": "loans.payment", "fields": {"paymentType": "installment", "amount": "2980.38", "merchantUsed": "none", "loan": 1, "datePaid": "2011-11-24 07:46:17"}}, {"pk": 16, "model": "loans.payment", "fields": {"paymentType": "installment", "amount": "2980.38", "merchantUsed": "none", "loan": 1, "datePaid": "2011-11-24 07:46:20"}}, {"pk": 17, "model": "loans.payment", "fields": {"paymentType": "installment", "amount": "2980.38", "merchantUsed": "none", "loan": 1, "datePaid": "2011-11-24 07:46:23"}}, {"pk": 18, "model": "loans.payment", "fields": {"paymentType": "installment", "amount": "2980.38", "merchantUsed": "none", "loan": 1, "datePaid": "2011-11-24 07:46:27"}}, {"pk": 19, "model": "loans.payment", "fields": {"paymentType": "installment", "amount": "2980.38", "merchantUsed": "none", "loan": 1, "datePaid": "2011-11-24 07:46:30"}}, {"pk": 20, "model": "loans.payment", "fields": {"paymentType": "installment", "amount": "2980.38", "merchantUsed": "none", "loan": 1, "datePaid": "2011-11-24 07:46:35"}}, {"pk": 21, "model": "loans.payment", "fields": {"paymentType": "installment", "amount": "2980.38", "merchantUsed": "none", "loan": 1, "datePaid": "2011-11-24 07:46:39"}}, {"pk": 22, "model": "loans.payment", "fields": {"paymentType": "installment", "amount": "2980.38", "merchantUsed": "none", "loan": 1, "datePaid": "2011-11-24 07:46:43"}}, {"pk": 23, "model": "loans.payment", "fields": {"paymentType": "installment", "amount": "2980.38", "merchantUsed": "none", "loan": 1, "datePaid": "2011-11-24 07:46:58"}}, {"pk": 24, "model": "loans.payment", "fields": {"paymentType": "installment", "amount": "2980.37", "merchantUsed": "none", "loan": 1, "datePaid": "2011-11-24 07:47:02"}}, {"pk": 25, "model": "loans.payment", "fields": {"paymentType": "installment", "amount": "2980.37", "merchantUsed": "none", "loan": 1, "datePaid": "2011-11-24 07:47:05"}}, {"pk": 26, "model": "loans.payment", "fields": {"paymentType": "installment", "amount": "2980.37", "merchantUsed": "none", "loan": 1, "datePaid": "2011-11-24 07:47:09"}}, {"pk": 27, "model": "loans.payment", "fields": {"paymentType": "installment", "amount": "2980.37", "merchantUsed": "none", "loan": 1, "datePaid": "2011-11-24 07:47:12"}}, {"pk": 28, "model": "loans.payment", "fields": {"paymentType": "installment", "amount": "2980.38", "merchantUsed": "none", "loan": 1, "datePaid": "2011-11-24 07:47:15"}}, {"pk": 29, "model": "loans.payment", "fields": {"paymentType": "installment", "amount": "2980.38", "merchantUsed": "none", "loan": 1, "datePaid": "2011-11-24 07:47:20"}}, {"pk": 1, "model": "loans.overdueinstallment", "fields": {"loan": 2, "amount": "44488.9", "dueDate": "2011-11-24 04:11:19"}}, {"pk": 1, "model": "loans.application", "fields": {"customer": 1, "status": "Allotted", "remark": "Application was approved.", "name": "MIT Grad Loan", "loanType": "Personal - Education", "dateApplied": "2011-11-24 00:07:07", "loan": 1, "amountAppliedFor": "1000000", "interestRate": "12", "interestCategory": "Fixed", "isArchived": true, "security": "None", "dateOfAllotment": "2011-11-24 00:07:07", "amountAllotted": "1000000"}}, {"pk": 2, "model": "loans.application", "fields": {"customer": 1, "status": "Allotted", "remark": "Approved.", "name": "Audi Loan", "loanType": "Personal - Car", "dateApplied": "2011-11-24 00:13:47", "loan": 2, "amountAppliedFor": "2000000", "interestRate": "10", "interestCategory": "Floating", "isArchived": false, "security": "None", "dateOfAllotment": "2011-11-24 00:13:47", "amountAllotted": "2000000"}}, {"pk": 3, "model": "loans.application", "fields": {"customer": 2, "status": "Active", "remark": "", "name": "Villa Loan", "loanType": "Personal - Home", "dateApplied": "2011-11-24 01:54:30", "loan": null, "amountAppliedFor": "20000000", "interestRate": "0", "interestCategory": "", "isArchived": false, "security": "Vehicle", "dateOfAllotment": "2011-11-24 01:54:30", "amountAllotted": "0"}}, {"pk": 4, "model": "loans.application", "fields": {"customer": 1, "status": "Active", "remark": "", "name": "Hawaii Trip Loan", "loanType": "Personal - Home", "dateApplied": "2011-11-24 03:35:13", "loan": null, "amountAppliedFor": "300000", "interestRate": "0", "interestCategory": "", "isArchived": false, "security": "None", "dateOfAllotment": "2011-11-24 03:35:13", "amountAllotted": "0"}}, {"pk": 1, "model": "loans.supportticket", "fields": {"complaintMessage": "I have a problem. Please contact me.", "customer": 1, "loan": 1, "complaintType": "TYPE A"}}, {"pk": 2, "model": "loans.supportticket", "fields": {"complaintMessage": "Please contact me, I want to talk about the Hawaii Trip Loan.", "customer": 1, "loan": null, "complaintType": "TYPE B"}}]